name,time_sec,X,Y,Z,is_alive,last_place_name
Alkaren,0.0,-1015.0,-808.0,116.08262,True,TSpawn
Alkaren,1.0,-1015.0,-808.0,116.08262,True,TSpawn
Alkaren,2.0,-1015.0,-808.0,116.08262,True,TSpawn
Alkaren,3.0,-1015.0,-808.0,116.08262,True,TSpawn
Alkaren,4.0,-1015.0,-808.0,116.08262,True,TSpawn
Alkaren,5.0,-1015.0,-808.0,116.08262,True,TSpawn
Alkaren,6.0,-1015.0,-808.0,116.08262,True,TSpawn
Alkaren,7.0,-1015.0,-808.0,116.08262,True,TSpawn
Alkaren,8.0,-1015.0,-808.0,116.08262,True,TSpawn
Alkaren,9.0,-1015.0,-808.0,116.08262,True,TSpawn
Alkaren,10.0,-1015.0,-808.0,116.08262,True,TSpawn
Alkaren,11.0,-1015.0,-808.0,116.08262,True,TSpawn
Alkaren,12.0,-1015.0,-808.0,116.08262,True,TSpawn
Alkaren,13.0,-1015.0,-808.0,116.08262,True,TSpawn
Alkaren,14.0,-1015.0,-808.0,116.08262,True,TSpawn
Alkaren,15.0,-1015.0,-808.0,116.08262,True,TSpawn
Alkaren,16.0,-1015.0,-808.0,116.08262,True,TSpawn
Alkaren,17.0,-1015.0,-808.0,116.08262,True,TSpawn
Alkaren,18.0,-1015.0,-808.0,116.08262,True,TSpawn
Alkaren,19.0,-1015.0,-808.0,116.08262,True,TSpawn
Alkaren,20.0,-1092.6223,-790.5588,117.54518,True,TSpawn
Alkaren,21.0,-1280.0986,-639.29175,126.97083,True,TSpawn
Alkaren,22.0,-1393.2335,-416.66602,128.87958,True,TSpawn
Alkaren,23.0,-1479.1244,-181.96814,168.07812,True,TSpawn
Alkaren,24.0,-1534.3182,56.506073,5.086067,True,OutsideTunnel
Alkaren,25.0,-1579.6387,286.02335,1.974715,True,OutsideTunnel
Alkaren,26.0,-1621.7445,532.4022,34.03125,True,OutsideTunnel
Alkaren,27.0,-1660.3694,739.7685,31.297995,True,UpperTunnel
Alkaren,28.0,-1690.4839,862.7166,32.367947,True,UpperTunnel
Alkaren,29.0,-1706.0962,983.09674,34.34121,True,UpperTunnel
Alkaren,30.0,-1759.9493,990.8333,38.36334,True,UpperTunnel
Alkaren,31.0,-1759.236,991.12823,38.35773,True,UpperTunnel
Alkaren,32.0,-1783.0605,1024.2919,39.311924,True,UpperTunnel
Alkaren,33.0,-1783.056,1024.9453,39.299145,True,UpperTunnel
Alkaren,34.0,-1783.056,1024.9453,39.299145,True,UpperTunnel
Alkaren,35.0,-1805.5051,1026.3048,39.348328,True,UpperTunnel
Alkaren,36.0,-1828.9012,1052.8269,37.145832,True,UpperTunnel
Alkaren,37.0,-1917.356,1061.2174,33.97178,True,UpperTunnel
Alkaren,38.0,-1934.1423,1057.5746,33.929012,True,UpperTunnel
Alkaren,39.0,-1953.531,1217.305,31.41389,True,UpperTunnel
Alkaren,40.0,-1968.2224,1448.1364,31.718855,True,UpperTunnel
Alkaren,41.0,-1996.5267,1542.5408,31.66804,True,UpperTunnel
Alkaren,42.0,-2025.9501,1608.1245,32.43329,True,UpperTunnel
Alkaren,43.0,-2025.9379,1665.145,33.01484,True,UpperTunnel
Alkaren,44.0,-2016.3273,1677.6981,32.64146,True,UpperTunnel
Alkaren,45.0,-2025.9534,1665.8694,33.0197,True,UpperTunnel
Alkaren,46.0,-2004.0588,1573.0048,31.906765,True,UpperTunnel
Alkaren,47.0,-2009.5547,1473.557,32.54018,True,UpperTunnel
Alkaren,48.0,-1990.5234,1373.2188,28.506588,True,UpperTunnel
Alkaren,49.0,-1871.4792,1386.9407,37.623474,True,UpperTunnel
Alkaren,50.0,-1748.7258,1377.5248,43.574974,True,UpperTunnel
Alkaren,51.0,-1696.6289,1295.2979,37.637794,True,UpperTunnel
Alkaren,52.0,-1712.0634,1175.4703,31.04158,True,UpperTunnel
Alkaren,53.0,-1699.2885,1055.218,31.703617,True,UpperTunnel
Alkaren,54.0,-1667.34,937.544,30.295345,True,UpperTunnel
Alkaren,55.0,-1632.0981,819.1547,34.201492,True,UpperTunnel
Alkaren,56.0,-1630.8792,696.38184,32.123955,True,OutsideTunnel
Alkaren,57.0,-1554.778,647.66473,32.0332,True,OutsideTunnel
Alkaren,58.0,-1521.5428,577.42505,38.796875,True,OutsideTunnel
Alkaren,59.0,-1497.5007,529.562,64.03125,True,OutsideTunnel
Alkaren,60.0,-1502.6844,529.10144,64.03125,True,OutsideTunnel
Alkaren,61.0,-1496.4841,551.8156,64.03125,True,OutsideTunnel
Alkaren,62.0,-1568.5745,549.6006,32.423164,True,OutsideTunnel
Alkaren,63.0,-1541.582,446.14658,9.03125,True,OutsideTunnel
Alkaren,64.0,-1507.2118,328.3761,1.9364147,True,OutsideTunnel
Alkaren,65.0,-1532.5465,246.0443,2.5562272,True,OutsideTunnel
Alkaren,66.0,-1529.0227,202.29044,2.3320322,True,OutsideTunnel
Alkaren,67.0,-1594.6384,194.66544,1.5009174,True,OutsideTunnel
Alkaren,68.0,-1604.3761,194.22852,1.3743296,True,OutsideTunnel
Alkaren,69.0,-1462.1069,213.18355,2.2793818,True,OutsideTunnel
Alkaren,70.0,-1565.9222,190.50275,2.2535546,True,OutsideTunnel
Alkaren,71.0,-1492.8604,203.82808,2.0773282,True,OutsideTunnel
Alkaren,72.0,-1487.8524,205.17593,2.091735,False,OutsideTunnel
Alkaren,73.0,-1487.8524,205.17593,2.091735,False,OutsideTunnel
Alkaren,74.0,-1487.8524,205.17593,2.091735,False,OutsideTunnel
Alkaren,75.0,-1487.8524,205.17593,2.091735,False,OutsideTunnel
Alkaren,76.0,-1487.8524,205.17593,2.091735,False,OutsideTunnel
Alkaren,77.0,-1487.8524,205.17593,2.091735,False,OutsideTunnel
Alkaren,78.0,-1487.8524,205.17593,2.091735,False,OutsideTunnel
Alkaren,79.0,-1487.8524,205.17593,2.091735,False,OutsideTunnel
Alkaren,80.0,-1487.8524,205.17593,2.091735,False,OutsideTunnel
Alkaren,81.0,-1487.8524,205.17593,2.091735,False,OutsideTunnel
Alkaren,82.0,-1487.8524,205.17593,2.091735,False,OutsideTunnel
Alkaren,83.0,-1487.8524,205.17593,2.091735,False,OutsideTunnel
Alkaren,84.0,-1487.8524,205.17593,2.091735,False,OutsideTunnel
Alkaren,85.0,-1487.8524,205.17593,2.091735,False,OutsideTunnel
Alkaren,86.0,-1487.8524,205.17593,2.091735,False,OutsideTunnel
Alkaren,87.0,-1487.8524,205.17593,2.091735,False,OutsideTunnel
Alkaren,88.0,-1487.8524,205.17593,2.091735,False,OutsideTunnel
Alkaren,89.0,-1487.8524,205.17593,2.091735,False,OutsideTunnel
Alkaren,90.0,-1487.8524,205.17593,2.091735,False,OutsideTunnel
Alkaren,91.0,-1487.8524,205.17593,2.091735,False,OutsideTunnel
Alkaren,92.0,-1487.8524,205.17593,2.091735,False,OutsideTunnel
Alkaren,93.0,-1487.8524,205.17593,2.091735,False,OutsideTunnel
Alkaren,94.0,-1487.8524,205.17593,2.091735,False,OutsideTunnel
Ex3rcice,0.0,258.1594,2480.5537,-121.07666,True,CTSpawn
Ex3rcice,1.0,258.1594,2480.5537,-121.07666,True,CTSpawn
Ex3rcice,2.0,258.1594,2480.5537,-121.07666,True,CTSpawn
Ex3rcice,3.0,258.1594,2480.5537,-121.07666,True,CTSpawn
Ex3rcice,4.0,258.1594,2480.5537,-121.07666,True,CTSpawn
Ex3rcice,5.0,258.1594,2480.5537,-121.07666,True,CTSpawn
Ex3rcice,6.0,258.1594,2480.5537,-121.07666,True,CTSpawn
Ex3rcice,7.0,258.1594,2480.5537,-121.07666,True,CTSpawn
Ex3rcice,8.0,258.1594,2480.5537,-121.07666,True,CTSpawn
Ex3rcice,9.0,258.1594,2480.5537,-121.07666,True,CTSpawn
Ex3rcice,10.0,258.1594,2480.5537,-121.07666,True,CTSpawn
Ex3rcice,11.0,258.1594,2480.5537,-121.07666,True,CTSpawn
Ex3rcice,12.0,258.1594,2480.5537,-121.07666,True,CTSpawn
Ex3rcice,13.0,258.1594,2480.5537,-121.07666,True,CTSpawn
Ex3rcice,14.0,258.1594,2480.5537,-121.07666,True,CTSpawn
Ex3rcice,15.0,258.1594,2480.5537,-121.07666,True,CTSpawn
Ex3rcice,16.0,258.1594,2480.5537,-121.07666,True,CTSpawn
Ex3rcice,17.0,258.1594,2480.5537,-121.07666,True,CTSpawn
Ex3rcice,18.0,258.1594,2480.5537,-121.07666,True,CTSpawn
Ex3rcice,19.0,258.1594,2480.5537,-121.07666,True,CTSpawn
Ex3rcice,20.0,322.68045,2425.8313,-120.785034,True,CTSpawn
Ex3rcice,21.0,501.20425,2255.5508,-123.98834,True,CTSpawn
Ex3rcice,22.0,747.02277,2233.7056,-53.888306,True,UnderA
Ex3rcice,23.0,995.25793,2262.5393,14.878551,True,UnderA
Ex3rcice,24.0,1244.5615,2280.7554,13.4243145,True,UnderA
Ex3rcice,25.0,1362.2289,2435.576,41.550148,True,ARamp
Ex3rcice,26.0,1277.1519,2668.1418,138.40625,True,BombsiteA
Ex3rcice,27.0,1134.5055,2731.7427,98.308426,True,BombsiteA
Ex3rcice,28.0,1134.4426,2731.7676,98.310425,True,BombsiteA
Ex3rcice,29.0,1134.4426,2731.7676,98.310425,True,BombsiteA
Ex3rcice,30.0,1148.2074,2743.2917,98.804695,True,BombsiteA
Ex3rcice,31.0,1247.6521,2789.509,127.03125,True,BombsiteA
Ex3rcice,32.0,1228.8112,2775.191,118.30061,True,BombsiteA
Ex3rcice,33.0,1246.595,2784.2886,127.03125,True,BombsiteA
Ex3rcice,34.0,1245.8168,2785.317,127.03125,True,BombsiteA
Ex3rcice,35.0,1252.0774,2785.5088,127.03125,True,BombsiteA
Ex3rcice,36.0,1233.1234,2786.0056,125.14257,True,BombsiteA
Ex3rcice,37.0,1232.8102,2786.3518,125.361595,True,BombsiteA
Ex3rcice,38.0,1256.251,2787.1863,127.03125,True,BombsiteA
Ex3rcice,39.0,1066.0522,2695.832,95.03716,True,BombsiteA
Ex3rcice,40.0,903.7237,2506.5266,136.64062,True,BombsiteA
Ex3rcice,41.0,720.12976,2359.6602,95.390625,True,UnderA
Ex3rcice,42.0,618.37494,2220.3337,-94.06348,True,UnderA
Ex3rcice,43.0,377.78052,2208.6306,-125.66785,True,CTSpawn
Ex3rcice,44.0,127.84759,2210.7942,-124.7453,True,CTSpawn
Ex3rcice,45.0,-114.5199,2179.2668,-127.05725,True,CTSpawn
Ex3rcice,46.0,-338.32837,2101.7053,-128.2641,True,MidDoors
Ex3rcice,47.0,-503.8825,2078.926,-122.5683,True,MidDoors
Ex3rcice,48.0,-569.93884,2101.6357,-118.56018,True,MidDoors
Ex3rcice,49.0,-723.0876,2102.0586,-113.91705,True,MidDoors
Ex3rcice,50.0,-842.5517,2127.138,-94.121826,True,MidDoors
Ex3rcice,51.0,-964.3846,2137.1917,-54.303833,True,MidDoors
Ex3rcice,52.0,-1023.1506,2129.4182,-15.256226,True,BDoors
Ex3rcice,53.0,-1011.3658,2102.0513,-18.05841,True,BDoors
Ex3rcice,54.0,-1037.9408,2102.0593,-5.868225,True,BDoors
Ex3rcice,55.0,-1037.9408,2102.0593,-5.868225,True,BDoors
Ex3rcice,56.0,-998.1849,2102.0486,-26.78772,True,BDoors
Ex3rcice,57.0,-987.5921,2105.0723,-33.902527,True,BDoors
Ex3rcice,58.0,-1037.9375,2102.0532,-5.869629,True,BDoors
Ex3rcice,59.0,-1037.9375,2102.0532,-5.869629,True,BDoors
Ex3rcice,60.0,-997.8326,2102.0488,-27.035278,True,BDoors
Ex3rcice,61.0,-1037.8164,2102.1167,-5.9196777,True,BDoors
Ex3rcice,62.0,-1013.73096,2102.0344,-16.518127,True,BDoors
Ex3rcice,63.0,-1015.4337,2102.0627,-15.409973,True,BDoors
Ex3rcice,64.0,-994.9353,2114.6099,-30.723816,True,BDoors
Ex3rcice,65.0,-1016.4247,2102.6667,-14.874817,True,BDoors
Ex3rcice,66.0,-1023.3695,2103.2168,-11.931213,True,BDoors
Ex3rcice,67.0,-1028.2477,2102.6306,-9.873901,True,BDoors
Ex3rcice,68.0,-1039.4326,2144.2334,-13.554932,True,BDoors
Ex3rcice,69.0,-1038.1014,2138.0627,-11.14978,True,BDoors
Ex3rcice,70.0,-1018.8784,2168.0146,-30.794067,True,BDoors
Ex3rcice,71.0,-998.98157,2261.001,-43.05255,True,BDoors
Ex3rcice,72.0,-1009.2868,2383.1504,-24.976013,True,BDoors
Ex3rcice,73.0,-1034.3054,2500.2993,7.2365637,True,BDoors
Ex3rcice,74.0,-1137.1698,2522.9512,41.05544,True,BDoors
Ex3rcice,75.0,-1223.9984,2519.1248,49.67153,True,BDoors
Ex3rcice,76.0,-1202.2802,2563.0972,60.021553,True,BDoors
Ex3rcice,77.0,-1220.8383,2566.18,64.64316,True,BDoors
Ex3rcice,78.0,-1270.9448,2580.7996,125.65625,True,BDoors
Ex3rcice,79.0,-1261.299,2629.164,124.8136,True,Hole
Ex3rcice,80.0,-1333.7377,2683.9346,130.03125,True,Hole
Ex3rcice,81.0,-1360.2837,2681.216,130.03125,True,Hole
Ex3rcice,82.0,-1391.8906,2663.6223,125.03125,True,Hole
Ex3rcice,83.0,-1458.175,2747.0466,16.046875,True,BombsiteB
Ex3rcice,84.0,-1617.4379,2651.1636,6.0752487,True,BombsiteB
Ex3rcice,85.0,-1677.6508,2635.617,6.4738975,True,BombsiteB
Ex3rcice,86.0,-1560.2488,2580.256,3.5888839,True,BombsiteB
Ex3rcice,87.0,-1557.1459,2648.206,5.1865087,True,BombsiteB
Ex3rcice,88.0,-1622.4572,2623.5242,4.579248,True,BombsiteB
Ex3rcice,89.0,-1650.7382,2598.0627,4.491953,True,BombsiteB
Ex3rcice,90.0,-1657.2789,2598.0625,5.175415,True,BombsiteB
Ex3rcice,91.0,-1657.2789,2598.0625,5.175415,True,BombsiteB
Ex3rcice,92.0,-1657.2789,2598.0625,5.175415,True,BombsiteB
Ex3rcice,93.0,-1657.2789,2598.0625,5.175415,True,BombsiteB
Ex3rcice,94.0,-1657.2789,2598.0625,5.175415,True,BombsiteB
Graviti,0.0,182.24991,2439.0117,-120.96875,True,CTSpawn
Graviti,1.0,182.24991,2439.0117,-120.96875,True,CTSpawn
Graviti,2.0,182.24991,2439.0117,-120.96875,True,CTSpawn
Graviti,3.0,182.24991,2439.0117,-120.96875,True,CTSpawn
Graviti,4.0,182.24991,2439.0117,-120.96875,True,CTSpawn
Graviti,5.0,182.24991,2439.0117,-120.96875,True,CTSpawn
Graviti,6.0,182.24991,2439.0117,-120.96875,True,CTSpawn
Graviti,7.0,182.24991,2439.0117,-120.96875,True,CTSpawn
Graviti,8.0,182.24991,2439.0117,-120.96875,True,CTSpawn
Graviti,9.0,182.24991,2439.0117,-120.96875,True,CTSpawn
Graviti,10.0,182.24991,2439.0117,-120.96875,True,CTSpawn
Graviti,11.0,182.24991,2439.0117,-120.96875,True,CTSpawn
Graviti,12.0,182.24991,2439.0117,-120.96875,True,CTSpawn
Graviti,13.0,182.24991,2439.0117,-120.96875,True,CTSpawn
Graviti,14.0,182.24991,2439.0117,-120.96875,True,CTSpawn
Graviti,15.0,182.24991,2439.0117,-120.96875,True,CTSpawn
Graviti,16.0,182.24991,2439.0117,-120.96875,True,CTSpawn
Graviti,17.0,182.24991,2439.0117,-120.96875,True,CTSpawn
Graviti,18.0,182.24991,2439.0117,-120.96875,True,CTSpawn
Graviti,19.0,182.24991,2439.0117,-120.96875,True,CTSpawn
Graviti,20.0,162.22513,2356.8123,-119.96875,True,CTSpawn
Graviti,21.0,4.259692,2198.366,-129.57758,True,CTSpawn
Graviti,22.0,-241.80652,2190.9373,-125.39563,True,CTSpawn
Graviti,23.0,-491.4818,2203.41,-103.25,True,MidDoors
Graviti,24.0,-708.2035,2302.607,-112.752014,True,MidDoors
Graviti,25.0,-924.3528,2428.2207,-35.173523,True,BDoors
Graviti,26.0,-1130.0925,2568.8015,51.004063,True,BDoors
Graviti,27.0,-1340.9077,2681.3623,130.03125,True,Hole
Graviti,28.0,-1570.4548,2586.4082,153.32812,True,BombsiteB
Graviti,29.0,-1784.9164,2624.0676,39.9375,True,BombsiteB
Graviti,30.0,-1837.6488,2716.9998,32.633705,True,BombsiteB
Graviti,31.0,-1882.408,2760.637,30.99424,True,BombsiteB
Graviti,32.0,-1936.5668,2834.7756,30.737196,True,BombsiteB
Graviti,33.0,-2049.6033,2948.7988,33.27659,True,BombsiteB
Graviti,34.0,-2071.4932,2908.1177,33.551174,True,BombsiteB
Graviti,35.0,-2055.426,2912.576,33.544178,True,BombsiteB
Graviti,36.0,-2066.102,2926.7632,33.79549,True,BombsiteB
Graviti,37.0,-2062.0679,2918.7783,33.700527,True,BombsiteB
Graviti,38.0,-2068.1145,2918.3018,33.720085,False,BombsiteB
Graviti,39.0,-2068.1145,2918.3018,33.720085,False,BombsiteB
Graviti,40.0,-2068.1145,2918.3018,33.720085,False,BombsiteB
Graviti,41.0,-2068.1145,2918.3018,33.720085,False,BombsiteB
Graviti,42.0,-2068.1145,2918.3018,33.720085,False,BombsiteB
Graviti,43.0,-2068.1145,2918.3018,33.720085,False,BombsiteB
Graviti,44.0,-2068.1145,2918.3018,33.720085,False,BombsiteB
Graviti,45.0,-2068.1145,2918.3018,33.720085,False,BombsiteB
Graviti,46.0,-2068.1145,2918.3018,33.720085,False,BombsiteB
Graviti,47.0,-2068.1145,2918.3018,33.720085,False,BombsiteB
Graviti,48.0,-2068.1145,2918.3018,33.720085,False,BombsiteB
Graviti,49.0,-2068.1145,2918.3018,33.720085,False,BombsiteB
Graviti,50.0,-2068.1145,2918.3018,33.720085,False,BombsiteB
Graviti,51.0,-2068.1145,2918.3018,33.720085,False,BombsiteB
Graviti,52.0,-2068.1145,2918.3018,33.720085,False,BombsiteB
Graviti,53.0,-2068.1145,2918.3018,33.720085,False,BombsiteB
Graviti,54.0,-2068.1145,2918.3018,33.720085,False,BombsiteB
Graviti,55.0,-2068.1145,2918.3018,33.720085,False,BombsiteB
Graviti,56.0,-2068.1145,2918.3018,33.720085,False,BombsiteB
Graviti,57.0,-2068.1145,2918.3018,33.720085,False,BombsiteB
Graviti,58.0,-2068.1145,2918.3018,33.720085,False,BombsiteB
Graviti,59.0,-2068.1145,2918.3018,33.720085,False,BombsiteB
Graviti,60.0,-2068.1145,2918.3018,33.720085,False,BombsiteB
Graviti,61.0,-2068.1145,2918.3018,33.720085,False,BombsiteB
Graviti,62.0,-2068.1145,2918.3018,33.720085,False,BombsiteB
Graviti,63.0,-2068.1145,2918.3018,33.720085,False,BombsiteB
Graviti,64.0,-2068.1145,2918.3018,33.720085,False,BombsiteB
Graviti,65.0,-2068.1145,2918.3018,33.720085,False,BombsiteB
Graviti,66.0,-2068.1145,2918.3018,33.720085,False,BombsiteB
Graviti,67.0,-2068.1145,2918.3018,33.720085,False,BombsiteB
Graviti,68.0,-2068.1145,2918.3018,33.720085,False,BombsiteB
Graviti,69.0,-2068.1145,2918.3018,33.720085,False,BombsiteB
Graviti,70.0,-2068.1145,2918.3018,33.720085,False,BombsiteB
Graviti,71.0,-2068.1145,2918.3018,33.720085,False,BombsiteB
Graviti,72.0,-2068.1145,2918.3018,33.720085,False,BombsiteB
Graviti,73.0,-2068.1145,2918.3018,33.720085,False,BombsiteB
Graviti,74.0,-2068.1145,2918.3018,33.720085,False,BombsiteB
Graviti,75.0,-2068.1145,2918.3018,33.720085,False,BombsiteB
Graviti,76.0,-2068.1145,2918.3018,33.720085,False,BombsiteB
Graviti,77.0,-2068.1145,2918.3018,33.720085,False,BombsiteB
Graviti,78.0,-2068.1145,2918.3018,33.720085,False,BombsiteB
Graviti,79.0,-2068.1145,2918.3018,33.720085,False,BombsiteB
Graviti,80.0,-2068.1145,2918.3018,33.720085,False,BombsiteB
Graviti,81.0,-2068.1145,2918.3018,33.720085,False,BombsiteB
Graviti,82.0,-2068.1145,2918.3018,33.720085,False,BombsiteB
Graviti,83.0,-2068.1145,2918.3018,33.720085,False,BombsiteB
Graviti,84.0,-2068.1145,2918.3018,33.720085,False,BombsiteB
Graviti,85.0,-2068.1145,2918.3018,33.720085,False,BombsiteB
Graviti,86.0,-2068.1145,2918.3018,33.720085,False,BombsiteB
Graviti,87.0,-2068.1145,2918.3018,33.720085,False,BombsiteB
Graviti,88.0,-2068.1145,2918.3018,33.720085,False,BombsiteB
Graviti,89.0,-2068.1145,2918.3018,33.720085,False,BombsiteB
Graviti,90.0,-2068.1145,2918.3018,33.720085,False,BombsiteB
Graviti,91.0,-2068.1145,2918.3018,33.720085,False,BombsiteB
Graviti,92.0,-2068.1145,2918.3018,33.720085,False,BombsiteB
Graviti,93.0,-2068.1145,2918.3018,33.720085,False,BombsiteB
Graviti,94.0,-2068.1145,2918.3018,33.720085,False,BombsiteB
LNZ,0.0,-1181.0,-754.0,120.18125,True,TSpawn
LNZ,1.0,-1181.0,-754.0,120.18125,True,TSpawn
LNZ,2.0,-1181.0,-754.0,120.18125,True,TSpawn
LNZ,3.0,-1181.0,-754.0,120.18125,True,TSpawn
LNZ,4.0,-1181.0,-754.0,120.18125,True,TSpawn
LNZ,5.0,-1181.0,-754.0,120.18125,True,TSpawn
LNZ,6.0,-1181.0,-754.0,120.18125,True,TSpawn
LNZ,7.0,-1181.0,-754.0,120.18125,True,TSpawn
LNZ,8.0,-1181.0,-754.0,120.18125,True,TSpawn
LNZ,9.0,-1181.0,-754.0,120.18125,True,TSpawn
LNZ,10.0,-1181.0,-754.0,120.18125,True,TSpawn
LNZ,11.0,-1181.0,-754.0,120.18125,True,TSpawn
LNZ,12.0,-1181.0,-754.0,120.18125,True,TSpawn
LNZ,13.0,-1181.0,-754.0,120.18125,True,TSpawn
LNZ,14.0,-1181.0,-754.0,120.18125,True,TSpawn
LNZ,15.0,-1181.0,-754.0,120.18125,True,TSpawn
LNZ,16.0,-1181.0,-754.0,120.18125,True,TSpawn
LNZ,17.0,-1181.0,-754.0,120.18125,True,TSpawn
LNZ,18.0,-1181.0,-754.0,120.18125,True,TSpawn
LNZ,19.0,-1181.0,-754.0,120.18125,True,TSpawn
LNZ,20.0,-1218.2886,-679.9255,124.604034,True,TSpawn
LNZ,21.0,-1329.938,-460.73895,129.29518,True,TSpawn
LNZ,22.0,-1435.5609,-238.14307,128.97577,True,TSpawn
LNZ,23.0,-1498.6643,13.3586445,54.421875,True,OutsideTunnel
LNZ,24.0,-1553.4701,226.10393,2.3796897,True,OutsideTunnel
LNZ,25.0,-1605.7878,465.05615,14.897179,True,OutsideTunnel
LNZ,26.0,-1641.939,707.91693,31.923306,True,UpperTunnel
LNZ,27.0,-1661.7513,927.92755,30.765228,True,UpperTunnel
LNZ,28.0,-1676.1825,1046.6721,31.06833,True,UpperTunnel
LNZ,29.0,-1687.4484,1168.267,30.90905,True,UpperTunnel
LNZ,30.0,-1694.7694,1289.8926,37.29398,True,UpperTunnel
LNZ,31.0,-1776.8357,1371.9349,42.280262,True,UpperTunnel
LNZ,32.0,-1810.6719,1386.8702,41.341934,True,UpperTunnel
LNZ,33.0,-1810.6719,1386.8702,41.341934,True,UpperTunnel
LNZ,34.0,-1841.5165,1386.9365,39.957428,True,UpperTunnel
LNZ,35.0,-1842.5767,1386.858,39.874756,True,UpperTunnel
LNZ,36.0,-1933.0775,1386.5663,33.249165,True,UpperTunnel
LNZ,37.0,-1893.3917,1386.5651,36.05033,True,UpperTunnel
LNZ,38.0,-1947.5986,1387.1405,31.623127,True,UpperTunnel
LNZ,39.0,-1952.506,1469.7224,34.519173,True,UpperTunnel
LNZ,40.0,-1944.0518,1637.635,33.84988,True,UpperTunnel
LNZ,41.0,-1953.3325,1800.3171,75.328125,True,UpperTunnel
LNZ,42.0,-2003.9429,2042.2607,47.515625,True,BombsiteB
LNZ,43.0,-1935.9856,2251.3345,-2.8995972,True,BombsiteB
LNZ,44.0,-1889.6792,2417.4023,16.800629,True,BombsiteB
LNZ,45.0,-1793.9266,2493.3347,66.96875,True,BombsiteB
LNZ,46.0,-1666.1797,2630.4644,6.1715655,True,BombsiteB
LNZ,47.0,-1484.3403,2724.4607,10.653127,True,BombsiteB
LNZ,48.0,-1381.0024,2760.734,17.643505,True,BombsiteB
LNZ,49.0,-1364.061,2755.0632,17.681932,True,BombsiteB
LNZ,50.0,-1364.0328,2755.0576,17.681967,True,BombsiteB
LNZ,51.0,-1364.0393,2755.0444,17.68206,True,BombsiteB
LNZ,52.0,-1364.0393,2755.0444,17.68206,True,BombsiteB
LNZ,53.0,-1364.0497,2755.0312,17.682144,True,BombsiteB
LNZ,54.0,-1364.046,2755.0637,17.681927,True,BombsiteB
LNZ,55.0,-1364.046,2755.0637,17.681927,True,BombsiteB
LNZ,56.0,-1406.5066,2758.1736,17.550108,True,BombsiteB
LNZ,57.0,-1364.0327,2755.0427,17.68207,True,BombsiteB
LNZ,58.0,-1364.0304,2755.0452,17.68205,True,BombsiteB
LNZ,59.0,-1364.0304,2755.0452,17.68205,True,BombsiteB
LNZ,60.0,-1364.0304,2755.0452,17.68205,True,BombsiteB
LNZ,61.0,-1434.4867,2769.3528,14.598396,True,BombsiteB
LNZ,62.0,-1436.166,2768.211,14.423081,True,BombsiteB
LNZ,63.0,-1434.7974,2771.316,14.565964,True,BombsiteB
LNZ,64.0,-1455.6332,2741.9255,13.797056,True,BombsiteB
LNZ,65.0,-1487.8701,2677.0706,9.715745,True,BombsiteB
LNZ,66.0,-1487.8701,2677.0706,9.715745,True,BombsiteB
LNZ,67.0,-1487.8701,2677.0706,9.715745,True,BombsiteB
LNZ,68.0,-1454.6161,2755.5347,13.458017,True,BombsiteB
LNZ,69.0,-1443.9132,2775.7236,13.614305,True,BombsiteB
LNZ,70.0,-1440.6854,2780.825,13.571249,True,BombsiteB
LNZ,71.0,-1442.2032,2781.0227,13.397203,True,BombsiteB
LNZ,72.0,-1447.3938,2775.8362,13.250942,True,BombsiteB
LNZ,73.0,-1481.9388,2779.0374,9.751676,True,BombsiteB
LNZ,74.0,-1491.4384,2828.4377,7.084823,True,BombsiteB
LNZ,75.0,-1471.1765,2825.6328,7.7830105,True,BombsiteB
LNZ,76.0,-1472.6399,2801.368,9.361046,True,BombsiteB
LNZ,77.0,-1512.9852,2775.4001,7.6712923,True,BombsiteB
LNZ,78.0,-1491.3052,2818.154,7.650272,True,BombsiteB
LNZ,79.0,-1405.4979,2766.8813,17.556942,True,BombsiteB
LNZ,80.0,-1428.3298,2758.9094,15.267988,True,BombsiteB
LNZ,81.0,-1378.456,2755.733,17.677391,False,BombsiteB
LNZ,82.0,-1378.456,2755.733,17.677391,False,BombsiteB
LNZ,83.0,-1378.456,2755.733,17.677391,False,BombsiteB
LNZ,84.0,-1378.456,2755.733,17.677391,False,BombsiteB
LNZ,85.0,-1378.456,2755.733,17.677391,False,BombsiteB
LNZ,86.0,-1378.456,2755.733,17.677391,False,BombsiteB
LNZ,87.0,-1378.456,2755.733,17.677391,False,BombsiteB
LNZ,88.0,-1378.456,2755.733,17.677391,False,BombsiteB
LNZ,89.0,-1378.456,2755.733,17.677391,False,BombsiteB
LNZ,90.0,-1378.456,2755.733,17.677391,False,BombsiteB
LNZ,91.0,-1378.456,2755.733,17.677391,False,BombsiteB
LNZ,92.0,-1378.456,2755.733,17.677391,False,BombsiteB
LNZ,93.0,-1378.456,2755.733,17.677391,False,BombsiteB
LNZ,94.0,-1378.456,2755.733,17.677391,False,BombsiteB
Lucky,0.0,351.39212,2352.9424,-120.474915,True,CTSpawn
Lucky,1.0,351.39212,2352.9424,-120.474915,True,CTSpawn
Lucky,2.0,351.39212,2352.9424,-120.474915,True,CTSpawn
Lucky,3.0,351.39212,2352.9424,-120.474915,True,CTSpawn
Lucky,4.0,351.39212,2352.9424,-120.474915,True,CTSpawn
Lucky,5.0,351.39212,2352.9424,-120.474915,True,CTSpawn
Lucky,6.0,351.39212,2352.9424,-120.474915,True,CTSpawn
Lucky,7.0,351.39212,2352.9424,-120.474915,True,CTSpawn
Lucky,8.0,351.39212,2352.9424,-120.474915,True,CTSpawn
Lucky,9.0,351.39212,2352.9424,-120.474915,True,CTSpawn
Lucky,10.0,351.39212,2352.9424,-120.474915,True,CTSpawn
Lucky,11.0,351.39212,2352.9424,-120.474915,True,CTSpawn
Lucky,12.0,351.39212,2352.9424,-120.474915,True,CTSpawn
Lucky,13.0,351.39212,2352.9424,-120.474915,True,CTSpawn
Lucky,14.0,351.39212,2352.9424,-120.474915,True,CTSpawn
Lucky,15.0,351.39212,2352.9424,-120.474915,True,CTSpawn
Lucky,16.0,351.39212,2352.9424,-120.474915,True,CTSpawn
Lucky,17.0,351.39212,2352.9424,-120.474915,True,CTSpawn
Lucky,18.0,351.39212,2352.9424,-120.474915,True,CTSpawn
Lucky,19.0,351.39212,2352.9424,-120.474915,True,CTSpawn
Lucky,20.0,289.7733,2303.1196,-118.96875,True,CTSpawn
Lucky,21.0,84.79577,2171.578,-124.30347,True,CTSpawn
Lucky,22.0,-150.02283,2100.0537,-125.609924,True,CTSpawn
Lucky,23.0,-356.88257,1990.1176,-126.78552,True,MidDoors
Lucky,24.0,-409.55353,1764.9121,-126.75519,True,MidDoors
Lucky,25.0,-384.54675,1558.5637,-126.420105,True,MidDoors
Lucky,26.0,-395.62122,1322.4875,-123.784424,True,Middle
Lucky,27.0,-411.76892,1087.4243,-76.31317,True,Middle
Lucky,28.0,-427.84003,901.22156,-30.929504,True,Middle
Lucky,29.0,-459.02563,856.72577,-19.560242,True,Middle
Lucky,30.0,-428.1706,885.1332,-28.102905,True,Middle
Lucky,31.0,-421.70288,896.9575,-30.397583,True,Middle
Lucky,32.0,-453.2077,935.2506,-35.76245,True,Middle
Lucky,33.0,-504.87067,997.9038,-48.196228,True,Middle
Lucky,34.0,-515.78357,1005.3421,-49.982483,True,Middle
Lucky,35.0,-482.60303,1047.1039,-60.3844,True,Middle
Lucky,36.0,-402.8484,1225.5541,-113.13953,True,Middle
Lucky,37.0,-381.67877,1351.5325,-125.599,True,Middle
Lucky,38.0,-383.1765,1496.4443,-126.216064,True,Middle
Lucky,39.0,-460.94568,1679.0903,-124.955444,True,MidDoors
Lucky,40.0,-527.0569,1911.624,-120.22241,True,MidDoors
Lucky,41.0,-584.2368,2141.6504,-119.42798,True,MidDoors
Lucky,42.0,-762.73145,2297.2078,-107.145325,True,MidDoors
Lucky,43.0,-941.5576,2407.3755,-41.38086,True,MidDoors
Lucky,44.0,-942.4911,2404.507,-43.30298,True,MidDoors
Lucky,45.0,-931.643,2383.9153,-50.43866,True,MidDoors
Lucky,46.0,-909.819,2323.8066,-64.38904,True,MidDoors
Lucky,47.0,-730.3433,2204.213,-116.22595,True,MidDoors
Lucky,48.0,-519.59064,2141.2146,-123.18152,True,MidDoors
Lucky,49.0,-435.91125,1912.2908,-103.015625,True,MidDoors
Lucky,50.0,-428.28748,1676.0035,-125.31592,True,MidDoors
Lucky,51.0,-453.8966,1531.5021,-125.31091,True,MidDoors
Lucky,52.0,-497.35767,1454.1581,-110.96875,True,Middle
Lucky,53.0,-662.2271,1479.2421,-111.77167,True,LowerTunnel
Lucky,54.0,-765.81866,1496.9672,-110.074585,True,LowerTunnel
Lucky,55.0,-879.12115,1496.7096,-109.86786,True,LowerTunnel
Lucky,56.0,-990.37427,1509.3044,-108.519165,True,LowerTunnel
Lucky,57.0,-1054.0911,1418.9996,-112.27405,True,LowerTunnel
Lucky,58.0,-1073.1378,1320.0986,-111.96875,True,LowerTunnel
Lucky,59.0,-1083.1635,1223.6089,-83.0755,True,TunnelStairs
Lucky,60.0,-1130.2708,1157.5249,-38.46576,True,TunnelStairs
Lucky,61.0,-1137.3116,1136.7302,-28.107727,True,TunnelStairs
Lucky,62.0,-1201.9434,1054.6023,8.822616,True,TunnelStairs
Lucky,63.0,-1308.2015,1097.1346,34.361828,True,UpperTunnel
Lucky,64.0,-1397.3319,1170.7573,34.081894,True,UpperTunnel
Lucky,65.0,-1469.2289,1220.5715,37.165573,True,UpperTunnel
Lucky,66.0,-1524.92,1244.6049,38.16581,True,UpperTunnel
Lucky,67.0,-1605.7427,1246.0535,37.799683,True,UpperTunnel
Lucky,68.0,-1615.5804,1261.9414,39.565903,True,UpperTunnel
Lucky,69.0,-1665.3591,1261.6575,36.503593,True,UpperTunnel
Lucky,70.0,-1729.08,1315.063,38.78787,True,UpperTunnel
Lucky,71.0,-1787.5835,1386.9443,42.238556,True,UpperTunnel
Lucky,72.0,-1801.0547,1378.6681,41.249355,True,UpperTunnel
Lucky,73.0,-1897.4083,1285.4886,31.690752,True,UpperTunnel
Lucky,74.0,-1976.4607,1315.2151,29.271389,True,UpperTunnel
Lucky,75.0,-1921.0901,1385.5823,34.507763,True,UpperTunnel
Lucky,76.0,-1944.9905,1467.5845,35.375587,True,UpperTunnel
Lucky,77.0,-1942.0602,1590.9316,34.793682,True,UpperTunnel
Lucky,78.0,-1962.6427,1684.457,32.69307,False,UpperTunnel
Lucky,79.0,-1962.6427,1684.457,32.69307,False,UpperTunnel
Lucky,80.0,-1962.6427,1684.457,32.69307,False,UpperTunnel
Lucky,81.0,-1962.6427,1684.457,32.69307,False,UpperTunnel
Lucky,82.0,-1962.6427,1684.457,32.69307,False,UpperTunnel
Lucky,83.0,-1962.6427,1684.457,32.69307,False,UpperTunnel
Lucky,84.0,-1962.6427,1684.457,32.69307,False,UpperTunnel
Lucky,85.0,-1962.6427,1684.457,32.69307,False,UpperTunnel
Lucky,86.0,-1962.6427,1684.457,32.69307,False,UpperTunnel
Lucky,87.0,-1962.6427,1684.457,32.69307,False,UpperTunnel
Lucky,88.0,-1962.6427,1684.457,32.69307,False,UpperTunnel
Lucky,89.0,-1962.6427,1684.457,32.69307,False,UpperTunnel
Lucky,90.0,-1962.6427,1684.457,32.69307,False,UpperTunnel
Lucky,91.0,-1962.6427,1684.457,32.69307,False,UpperTunnel
Lucky,92.0,-1962.6427,1684.457,32.69307,False,UpperTunnel
Lucky,93.0,-1962.6427,1684.457,32.69307,False,UpperTunnel
Lucky,94.0,-1962.6427,1684.457,32.69307,False,UpperTunnel
Maka,0.0,160.12274,2369.6763,-119.9187,True,CTSpawn
Maka,1.0,160.12274,2369.6763,-119.9187,True,CTSpawn
Maka,2.0,160.12274,2369.6763,-119.9187,True,CTSpawn
Maka,3.0,160.12274,2369.6763,-119.9187,True,CTSpawn
Maka,4.0,160.12274,2369.6763,-119.9187,True,CTSpawn
Maka,5.0,160.12274,2369.6763,-119.9187,True,CTSpawn
Maka,6.0,160.12274,2369.6763,-119.9187,True,CTSpawn
Maka,7.0,160.12274,2369.6763,-119.9187,True,CTSpawn
Maka,8.0,160.12274,2369.6763,-119.9187,True,CTSpawn
Maka,9.0,160.12274,2369.6763,-119.9187,True,CTSpawn
Maka,10.0,160.12274,2369.6763,-119.9187,True,CTSpawn
Maka,11.0,160.12274,2369.6763,-119.9187,True,CTSpawn
Maka,12.0,160.12274,2369.6763,-119.9187,True,CTSpawn
Maka,13.0,160.12274,2369.6763,-119.9187,True,CTSpawn
Maka,14.0,160.12274,2369.6763,-119.9187,True,CTSpawn
Maka,15.0,160.12274,2369.6763,-119.9187,True,CTSpawn
Maka,16.0,160.12274,2369.6763,-119.9187,True,CTSpawn
Maka,17.0,160.12274,2369.6763,-119.9187,True,CTSpawn
Maka,18.0,160.12274,2369.6763,-119.9187,True,CTSpawn
Maka,19.0,160.12274,2369.6763,-119.9187,True,CTSpawn
Maka,20.0,147.80836,2294.3647,-118.96875,True,CTSpawn
Maka,21.0,-49.17859,2154.8704,-127.75195,True,CTSpawn
Maka,22.0,-275.96393,2049.706,-127.52228,True,MidDoors
Maka,23.0,-419.5985,1858.7584,-127.229126,True,MidDoors
Maka,24.0,-412.7967,1614.7477,-126.278564,True,MidDoors
Maka,25.0,-463.90375,1396.3622,-124.81555,True,Middle
Maka,26.0,-482.5213,1151.0641,-86.01068,True,Middle
Maka,27.0,-486.94507,916.7855,-29.713928,True,Middle
Maka,28.0,-495.10046,683.00275,4.8994536,True,TopofMid
Maka,29.0,-523.47705,581.3803,9.03125,True,TopofMid
Maka,30.0,-536.65686,484.60944,9.03125,True,TopofMid
Maka,31.0,-580.7407,423.4134,7.4291224,True,TopofMid
Maka,32.0,-703.69617,427.98044,25.03125,True,TopofMid
Maka,33.0,-713.39026,431.17133,25.03125,True,TopofMid
Maka,34.0,-713.54376,430.20953,25.03125,True,TopofMid
Maka,35.0,-710.10254,410.6407,25.03125,True,TopofMid
Maka,36.0,-709.38824,405.8531,25.03125,True,TopofMid
Maka,37.0,-709.2356,405.7644,25.03125,True,TopofMid
Maka,38.0,-709.2356,405.7644,25.03125,True,TopofMid
Maka,39.0,-709.2356,405.7644,25.03125,True,TopofMid
Maka,40.0,-709.2356,405.7644,25.03125,True,TopofMid
Maka,41.0,-709.2356,405.7644,25.03125,True,TopofMid
Maka,42.0,-629.86163,463.1776,8.598358,True,TopofMid
Maka,43.0,-682.2128,493.9374,10.069128,True,TopofMid
Maka,44.0,-665.5415,489.55307,9.624442,True,TopofMid
Maka,45.0,-547.7971,469.52963,9.03125,True,TopofMid
Maka,46.0,-496.68176,563.7969,4.7892075,True,TopofMid
Maka,47.0,-488.66626,686.57404,1.8148646,True,TopofMid
Maka,48.0,-487.79755,811.3083,-5.651123,True,Middle
Maka,49.0,-488.15137,935.54736,-33.708313,True,Middle
Maka,50.0,-482.16357,1057.9298,-61.99353,True,Middle
Maka,51.0,-459.72998,1178.845,-97.67413,True,Middle
Maka,52.0,-465.3891,1301.8962,-119.9035,True,Middle
Maka,53.0,-510.14478,1394.6278,-110.96875,True,Middle
Maka,54.0,-624.68823,1432.0612,-114.52338,True,LowerTunnel
Maka,55.0,-744.80774,1451.593,-112.01715,True,LowerTunnel
Maka,56.0,-860.4623,1410.5986,-111.96875,True,LowerTunnel
Maka,57.0,-906.4341,1372.3063,-111.33008,True,LowerTunnel
Maka,58.0,-965.16907,1341.0458,-108.048584,True,LowerTunnel
Maka,59.0,-1041.6941,1345.0104,-111.13574,True,LowerTunnel
Maka,60.0,-1076.4132,1237.3123,-89.621216,True,TunnelStairs
Maka,61.0,-1087.5265,1129.1079,-43.25702,True,TunnelStairs
Maka,62.0,-1133.7798,1072.2673,-16.067383,True,TunnelStairs
Maka,63.0,-1214.3975,1045.4697,15.571928,True,TunnelStairs
Maka,64.0,-1326.9658,1062.6862,38.06793,True,UpperTunnel
Maka,65.0,-1413.9926,1049.9387,41.008293,True,UpperTunnel
Maka,66.0,-1515.2524,1065.3176,36.524864,True,UpperTunnel
Maka,67.0,-1593.7058,1060.8147,34.61083,True,UpperTunnel
Maka,68.0,-1622.2307,1074.9596,33.29897,True,UpperTunnel
Maka,69.0,-1619.4009,1056.8545,33.46979,True,UpperTunnel
Maka,70.0,-1589.0137,1064.4985,34.807552,True,UpperTunnel
Maka,71.0,-1568.484,1072.1167,35.463142,True,UpperTunnel
Maka,72.0,-1564.1951,1062.0447,35.517548,True,UpperTunnel
Maka,73.0,-1760.2743,1080.9664,33.784985,True,UpperTunnel
Maka,74.0,-1940.6067,1067.0088,33.907043,True,UpperTunnel
Maka,75.0,-2056.3193,1218.0979,34.77008,True,UpperTunnel
Maka,76.0,-2046.3955,1258.5219,33.684273,True,UpperTunnel
Maka,77.0,-2050.8286,1263.7563,33.91374,True,UpperTunnel
Maka,78.0,-2048.6724,1263.5765,33.777397,True,UpperTunnel
Maka,79.0,-2054.4807,1263.95,34.105263,True,UpperTunnel
Maka,80.0,-2134.063,1185.2184,36.60318,True,UpperTunnel
Maka,81.0,-2168.9546,1263.9375,39.82777,True,UpperTunnel
Maka,82.0,-2183.1372,1212.5146,38.32474,True,UpperTunnel
Maka,83.0,-2174.4575,1171.0181,36.2783,True,UpperTunnel
Maka,84.0,-2138.7917,1102.9783,37.55925,False,UpperTunnel
Maka,85.0,-2138.7917,1102.9783,37.55925,False,UpperTunnel
Maka,86.0,-2138.7917,1102.9783,37.55925,False,UpperTunnel
Maka,87.0,-2138.7917,1102.9783,37.55925,False,UpperTunnel
Maka,88.0,-2138.7917,1102.9783,37.55925,False,UpperTunnel
Maka,89.0,-2138.7917,1102.9783,37.55925,False,UpperTunnel
Maka,90.0,-2138.7917,1102.9783,37.55925,False,UpperTunnel
Maka,91.0,-2138.7917,1102.9783,37.55925,False,UpperTunnel
Maka,92.0,-2138.7917,1102.9783,37.55925,False,UpperTunnel
Maka,93.0,-2138.7917,1102.9783,37.55925,False,UpperTunnel
Maka,94.0,-2138.7917,1102.9783,37.55925,False,UpperTunnel
bodyy,0.0,334.36874,2433.7336,-120.36255,True,CTSpawn
bodyy,1.0,334.36874,2433.7336,-120.36255,True,CTSpawn
bodyy,2.0,334.36874,2433.7336,-120.36255,True,CTSpawn
bodyy,3.0,334.36874,2433.7336,-120.36255,True,CTSpawn
bodyy,4.0,334.36874,2433.7336,-120.36255,True,CTSpawn
bodyy,5.0,334.36874,2433.7336,-120.36255,True,CTSpawn
bodyy,6.0,334.36874,2433.7336,-120.36255,True,CTSpawn
bodyy,7.0,334.36874,2433.7336,-120.36255,True,CTSpawn
bodyy,8.0,334.36874,2433.7336,-120.36255,True,CTSpawn
bodyy,9.0,334.36874,2433.7336,-120.36255,True,CTSpawn
bodyy,10.0,334.36874,2433.7336,-120.36255,True,CTSpawn
bodyy,11.0,334.36874,2433.7336,-120.36255,True,CTSpawn
bodyy,12.0,334.36874,2433.7336,-120.36255,True,CTSpawn
bodyy,13.0,334.36874,2433.7336,-120.36255,True,CTSpawn
bodyy,14.0,334.36874,2433.7336,-120.36255,True,CTSpawn
bodyy,15.0,334.36874,2433.7336,-120.36255,True,CTSpawn
bodyy,16.0,334.36874,2433.7336,-120.36255,True,CTSpawn
bodyy,17.0,334.36874,2433.7336,-120.36255,True,CTSpawn
bodyy,18.0,334.36874,2433.7336,-120.36255,True,CTSpawn
bodyy,19.0,334.36874,2433.7336,-120.36255,True,CTSpawn
bodyy,20.0,392.62558,2372.388,-120.05084,True,CTSpawn
bodyy,21.0,588.3068,2239.4731,-99.357544,True,UnderA
bodyy,22.0,737.043,2323.6855,7.234375,True,UnderA
bodyy,23.0,645.0799,2379.954,29.03125,True,UnderA
bodyy,24.0,601.38666,2362.396,73.203125,True,UnderA
bodyy,25.0,521.2073,2225.998,127.03125,True,ExtendedA
bodyy,26.0,413.20294,2003.6666,132.53125,True,ExtendedA
bodyy,27.0,352.73935,1789.689,107.609375,True,ShortStairs
bodyy,28.0,294.65216,1550.8492,3.1890268,True,ShortStairs
bodyy,29.0,142.22798,1444.6549,-0.22076416,True,Catwalk
bodyy,30.0,11.157383,1378.7273,0.00077438354,True,Catwalk
bodyy,31.0,-105.245056,1340.8905,0.4203272,True,Catwalk
bodyy,32.0,-217.44336,1439.641,52.53125,True,Catwalk
bodyy,33.0,-387.51312,1524.7052,-126.314575,True,MidDoors
bodyy,34.0,-406.7049,1615.4015,-126.387146,True,MidDoors
bodyy,35.0,-493.32715,1836.8456,-122.83533,True,MidDoors
bodyy,36.0,-546.3437,2076.8198,-119.28552,True,MidDoors
bodyy,37.0,-733.58276,2142.917,-115.64667,True,MidDoors
bodyy,38.0,-969.4817,2193.7327,-59.020447,True,MidDoors
bodyy,39.0,-1204.0311,2224.215,3.1285763,True,BDoors
bodyy,40.0,-1212.2368,2244.0518,3.7525344,True,BDoors
bodyy,41.0,-1139.3695,2310.5764,5.0891776,True,BDoors
bodyy,42.0,-1002.82574,2360.9412,-31.714844,True,BDoors
bodyy,43.0,-969.5949,2327.7078,-49.40387,True,BDoors
bodyy,44.0,-964.2129,2312.4258,-52.611694,True,BDoors
bodyy,45.0,-1071.5831,2188.6052,-12.809937,True,BDoors
bodyy,46.0,-1096.9574,2141.6475,44.03125,True,BDoors
bodyy,47.0,-1109.6449,2138.063,64.984375,True,BDoors
bodyy,48.0,-1117.4374,2084.068,66.07978,True,BDoors
bodyy,49.0,-1101.7046,2105.4165,66.03125,True,BDoors
bodyy,50.0,-1186.8126,2106.5464,41.03125,True,BDoors
bodyy,51.0,-1248.1539,2099.9497,13.29459,True,BDoors
bodyy,52.0,-1254.9269,2098.029,13.557058,True,BDoors
bodyy,53.0,-1273.9303,2098.375,12.462061,True,BDoors
bodyy,54.0,-1273.9303,2098.375,12.462061,True,BDoors
bodyy,55.0,-1273.9303,2098.375,12.462061,True,BDoors
bodyy,56.0,-1273.9303,2098.375,12.462061,True,BDoors
bodyy,57.0,-1273.9303,2098.375,12.462061,True,BDoors
bodyy,58.0,-1273.9303,2098.375,12.462061,True,BDoors
bodyy,59.0,-1235.9819,2105.5334,12.531538,True,BDoors
bodyy,60.0,-1247.6982,2103.1467,12.857697,True,BDoors
bodyy,61.0,-1254.2612,2101.7595,13.047266,True,BDoors
bodyy,62.0,-1192.4082,2167.4229,4.3509254,True,BDoors
bodyy,63.0,-1216.0537,2246.4375,3.8655624,True,BDoors
bodyy,64.0,-1210.9105,2236.0476,3.4920976,True,BDoors
bodyy,65.0,-1258.9117,2251.8503,4.3213406,True,BDoors
bodyy,66.0,-1295.5903,2254.0205,3.0417924,True,BDoors
bodyy,67.0,-1307.7604,2235.7385,1.91296,True,BDoors
bodyy,68.0,-1269.9269,2241.1929,3.5282087,True,BDoors
bodyy,69.0,-1175.5944,2239.0024,2.640823,True,BDoors
bodyy,70.0,-1154.1249,2339.677,11.24564,True,BDoors
bodyy,71.0,-1212.6351,2397.7466,27.7411,True,BDoors
bodyy,72.0,-1262.6774,2422.8477,33.678097,True,BDoors
bodyy,73.0,-1252.0645,2452.9736,39.032196,True,BDoors
bodyy,74.0,-1270.5001,2574.362,109.1875,True,BDoors
bodyy,75.0,-1244.7384,2637.1892,122.729996,True,Hole
bodyy,76.0,-1247.1764,2662.6606,123.925064,True,Hole
bodyy,77.0,-1247.981,2666.9807,124.319466,False,Hole
bodyy,78.0,-1247.981,2666.9807,124.319466,False,Hole
bodyy,79.0,-1247.981,2666.9807,124.319466,False,Hole
bodyy,80.0,-1247.981,2666.9807,124.319466,False,Hole
bodyy,81.0,-1247.981,2666.9807,124.319466,False,Hole
bodyy,82.0,-1247.981,2666.9807,124.319466,False,Hole
bodyy,83.0,-1247.981,2666.9807,124.319466,False,Hole
bodyy,84.0,-1247.981,2666.9807,124.319466,False,Hole
bodyy,85.0,-1247.981,2666.9807,124.319466,False,Hole
bodyy,86.0,-1247.981,2666.9807,124.319466,False,Hole
bodyy,87.0,-1247.981,2666.9807,124.319466,False,Hole
bodyy,88.0,-1247.981,2666.9807,124.319466,False,Hole
bodyy,89.0,-1247.981,2666.9807,124.319466,False,Hole
bodyy,90.0,-1247.981,2666.9807,124.319466,False,Hole
bodyy,91.0,-1247.981,2666.9807,124.319466,False,Hole
bodyy,92.0,-1247.981,2666.9807,124.319466,False,Hole
bodyy,93.0,-1247.981,2666.9807,124.319466,False,Hole
bodyy,94.0,-1247.981,2666.9807,124.319466,False,Hole
nilo,0.0,-533.0,-754.0,113.848976,True,TSpawn
nilo,1.0,-533.0,-754.0,113.848976,True,TSpawn
nilo,2.0,-533.0,-754.0,113.848976,True,TSpawn
nilo,3.0,-533.0,-754.0,113.848976,True,TSpawn
nilo,4.0,-533.0,-754.0,113.848976,True,TSpawn
nilo,5.0,-533.0,-754.0,113.848976,True,TSpawn
nilo,6.0,-533.0,-754.0,113.848976,True,TSpawn
nilo,7.0,-533.0,-754.0,113.848976,True,TSpawn
nilo,8.0,-533.0,-754.0,113.848976,True,TSpawn
nilo,9.0,-533.0,-754.0,113.848976,True,TSpawn
nilo,10.0,-533.0,-754.0,113.848976,True,TSpawn
nilo,11.0,-533.0,-754.0,113.848976,True,TSpawn
nilo,12.0,-533.0,-754.0,113.848976,True,TSpawn
nilo,13.0,-533.0,-754.0,113.848976,True,TSpawn
nilo,14.0,-533.0,-754.0,113.848976,True,TSpawn
nilo,15.0,-533.0,-754.0,113.848976,True,TSpawn
nilo,16.0,-533.0,-754.0,113.848976,True,TSpawn
nilo,17.0,-533.0,-754.0,113.848976,True,TSpawn
nilo,18.0,-533.0,-754.0,113.848976,True,TSpawn
nilo,19.0,-533.0,-754.0,113.848976,True,TSpawn
nilo,20.0,-617.58545,-754.7685,119.58629,True,TSpawn
nilo,21.0,-867.4208,-751.3039,119.90968,True,TSpawn
nilo,22.0,-1101.799,-679.8019,129.03125,True,TSpawn
nilo,23.0,-1267.5924,-494.67383,129.84132,True,TSpawn
nilo,24.0,-1405.5303,-286.19373,129.56546,True,TSpawn
nilo,25.0,-1505.1459,-48.938416,121.0625,True,OutsideTunnel
nilo,26.0,-1551.8258,173.63309,2.2355466,True,OutsideTunnel
nilo,27.0,-1602.4563,418.45065,1.8212967,True,OutsideTunnel
nilo,28.0,-1643.3981,644.8651,32.038277,True,OutsideTunnel
nilo,29.0,-1663.908,772.22955,30.93155,True,UpperTunnel
nilo,30.0,-1675.7035,898.5783,30.646366,True,UpperTunnel
nilo,31.0,-1692.5258,1021.2594,31.20893,True,UpperTunnel
nilo,32.0,-1772.7042,1103.7632,33.202576,True,UpperTunnel
nilo,33.0,-1856.1516,1134.4696,32.41005,True,UpperTunnel
nilo,34.0,-1905.2106,1128.8097,32.613506,True,UpperTunnel
nilo,35.0,-1878.8639,1131.2867,32.35156,True,UpperTunnel
nilo,36.0,-1992.0907,1091.173,35.51303,True,UpperTunnel
nilo,37.0,-1953.5775,1092.7648,33.772507,True,UpperTunnel
nilo,38.0,-1987.4586,1092.4141,34.996597,True,UpperTunnel
nilo,39.0,-2116.3372,1171.631,36.30466,True,UpperTunnel
nilo,40.0,-1961.7089,1292.7091,29.894634,True,UpperTunnel
nilo,41.0,-1967.0896,1418.3163,30.655743,True,UpperTunnel
nilo,42.0,-1954.7296,1529.0494,34.931854,True,UpperTunnel
nilo,43.0,-1955.3962,1623.9725,33.09121,True,UpperTunnel
nilo,44.0,-1942.153,1722.2139,33.694214,True,UpperTunnel
nilo,45.0,-1952.2544,1803.712,33.03125,True,BombsiteB
nilo,46.0,-2042.1635,2014.532,0.48366427,True,BombsiteB
nilo,47.0,-1900.0521,2195.013,43.40625,True,BombsiteB
nilo,48.0,-1900.9009,2332.626,1.1581373,True,BombsiteB
nilo,49.0,-1936.9266,2433.0144,18.232372,True,BombsiteB
nilo,50.0,-1722.9225,2485.6165,81.78125,True,BombsiteB
nilo,51.0,-1698.962,2453.9033,12.04903,True,BombsiteB
nilo,52.0,-1684.1533,2544.08,7.3917804,True,BombsiteB
nilo,53.0,-1684.1533,2544.08,7.3917804,True,BombsiteB
nilo,54.0,-1684.1533,2544.08,7.3917804,True,BombsiteB
nilo,55.0,-1684.1533,2544.08,7.3917804,True,BombsiteB
nilo,56.0,-1700.2695,2514.4517,75.25,True,BombsiteB
nilo,57.0,-1822.4509,2516.5093,31.94688,True,BombsiteB
nilo,58.0,-1938.4542,2656.5894,31.44073,True,BombsiteB
nilo,59.0,-1985.6881,2826.288,31.553522,True,BombsiteB
nilo,60.0,-2029.8066,2956.854,32.728085,True,BombsiteB
nilo,61.0,-2071.763,3059.7866,34.65764,True,BombsiteB
nilo,62.0,-2089.7078,3117.9468,35.589466,True,BombsiteB
nilo,63.0,-2058.642,3117.9194,34.811893,True,BombsiteB
nilo,64.0,-2058.642,3117.9194,34.811893,True,BombsiteB
nilo,65.0,-2019.7899,3117.9546,33.836025,True,BombsiteB
nilo,66.0,-2012.3992,3103.716,33.645565,True,BombsiteB
nilo,67.0,-2011.8135,3104.802,33.640804,True,BombsiteB
nilo,68.0,-2023.8208,3098.5237,33.8482,True,BombsiteB
nilo,69.0,-2009.7657,3107.0312,33.613388,True,BombsiteB
nilo,70.0,-2055.2346,3098.5447,34.528023,True,BombsiteB
nilo,71.0,-2075.5408,3088.3782,34.934517,True,BombsiteB
nilo,72.0,-2076.4841,3096.448,35.02792,True,BombsiteB
nilo,73.0,-2067.8196,3082.2766,34.703815,True,BombsiteB
nilo,74.0,-2080.5217,3096.7136,35.12652,True,BombsiteB
nilo,75.0,-2070.9058,3085.9722,34.80667,True,BombsiteB
nilo,76.0,-2080.1226,3094.0837,35.09389,True,BombsiteB
nilo,77.0,-2076.5837,3094.3696,35.01203,True,BombsiteB
nilo,78.0,-2069.99,3097.2952,34.88339,True,BombsiteB
nilo,79.0,-2010.8165,3100.4265,33.590042,True,BombsiteB
nilo,80.0,-2081.4944,3097.7563,35.15887,True,BombsiteB
nilo,81.0,-2077.9253,3096.6147,35.063747,True,BombsiteB
nilo,82.0,-2062.2285,3016.6218,34.22603,True,BombsiteB
nilo,83.0,-2072.284,2967.8154,34.0627,True,BombsiteB
nilo,84.0,-2069.0588,3062.8684,34.609325,True,BombsiteB
nilo,85.0,-2032.8325,3060.301,33.7901,True,BombsiteB
nilo,86.0,-2007.6829,3107.6948,33.574486,True,BombsiteB
nilo,87.0,-2036.3428,3091.2712,34.061348,True,BombsiteB
nilo,88.0,-2045.0631,2983.2576,33.405293,True,BombsiteB
nilo,89.0,-2049.3105,3029.3923,33.99292,True,BombsiteB
nilo,90.0,-1945.6035,2958.5154,33.86708,True,BombsiteB
nilo,91.0,-1855.3961,2825.4028,57.84375,True,BombsiteB
nilo,92.0,-1765.0417,2855.9373,47.53125,True,BombsiteB
nilo,93.0,-1715.315,2783.6223,66.03125,True,BombsiteB
nilo,94.0,-1698.5692,2615.5566,7.738736,True,BombsiteB
xfl0ud,0.0,-1141.0,-808.0,116.68599,True,TSpawn
xfl0ud,1.0,-1141.0,-808.0,116.68599,True,TSpawn
xfl0ud,2.0,-1141.0,-808.0,116.68599,True,TSpawn
xfl0ud,3.0,-1141.0,-808.0,116.68599,True,TSpawn
xfl0ud,4.0,-1141.0,-808.0,116.68599,True,TSpawn
xfl0ud,5.0,-1141.0,-808.0,116.68599,True,TSpawn
xfl0ud,6.0,-1141.0,-808.0,116.68599,True,TSpawn
xfl0ud,7.0,-1141.0,-808.0,116.68599,True,TSpawn
xfl0ud,8.0,-1141.0,-808.0,116.68599,True,TSpawn
xfl0ud,9.0,-1141.0,-808.0,116.68599,True,TSpawn
xfl0ud,10.0,-1141.0,-808.0,116.68599,True,TSpawn
xfl0ud,11.0,-1141.0,-808.0,116.68599,True,TSpawn
xfl0ud,12.0,-1141.0,-808.0,116.68599,True,TSpawn
xfl0ud,13.0,-1141.0,-808.0,116.68599,True,TSpawn
xfl0ud,14.0,-1141.0,-808.0,116.68599,True,TSpawn
xfl0ud,15.0,-1141.0,-808.0,116.68599,True,TSpawn
xfl0ud,16.0,-1141.0,-808.0,116.68599,True,TSpawn
xfl0ud,17.0,-1141.0,-808.0,116.68599,True,TSpawn
xfl0ud,18.0,-1141.0,-808.0,116.68599,True,TSpawn
xfl0ud,19.0,-1141.0,-808.0,116.68599,True,TSpawn
xfl0ud,20.0,-1179.2279,-732.5233,120.718185,True,TSpawn
xfl0ud,21.0,-1290.398,-508.70496,129.95569,True,TSpawn
xfl0ud,22.0,-1400.9995,-284.49988,129.3915,True,TSpawn
xfl0ud,23.0,-1511.6067,-60.295837,135.875,True,OutsideTunnel
xfl0ud,24.0,-1528.8024,143.1866,2.8065705,True,OutsideTunnel
xfl0ud,25.0,-1588.5679,383.3336,0.34583855,True,OutsideTunnel
xfl0ud,26.0,-1628.24,630.14166,31.745518,True,OutsideTunnel
xfl0ud,27.0,-1649.3365,873.1523,32.060417,True,UpperTunnel
xfl0ud,28.0,-1629.6779,1005.7877,31.672638,True,UpperTunnel
xfl0ud,29.0,-1575.2506,1041.9385,35.3272,True,UpperTunnel
xfl0ud,30.0,-1575.0679,1036.9989,35.305542,True,UpperTunnel
xfl0ud,31.0,-1575.045,1036.0836,35.301384,True,UpperTunnel
xfl0ud,32.0,-1575.0627,1036.1813,35.301632,True,UpperTunnel
xfl0ud,33.0,-1580.388,1058.4943,35.169197,True,UpperTunnel
xfl0ud,34.0,-1614.842,1107.4623,33.27347,True,UpperTunnel
xfl0ud,35.0,-1615.4993,1117.332,33.015602,True,UpperTunnel
xfl0ud,36.0,-1615.1501,1109.41,33.214867,True,UpperTunnel
xfl0ud,37.0,-1638.6549,1144.0458,31.510517,True,UpperTunnel
xfl0ud,38.0,-1776.2455,1243.6102,33.868042,True,UpperTunnel
xfl0ud,39.0,-1801.4348,1264.4943,71.0283,True,UpperTunnel
xfl0ud,40.0,-1903.4626,1362.5724,34.70732,True,UpperTunnel
xfl0ud,41.0,-1943.2913,1538.1743,36.267174,True,UpperTunnel
xfl0ud,42.0,-1973.042,1740.6755,31.993132,True,UpperTunnel
xfl0ud,43.0,-1878.0629,1836.7266,84.96875,True,BombsiteB
xfl0ud,44.0,-1779.8688,1814.065,180.10938,True,BombsiteB
xfl0ud,45.0,-1664.5299,1754.3308,1.6316218,True,BombsiteB
xfl0ud,46.0,-1649.3947,1742.8497,3.182724,True,BombsiteB
xfl0ud,47.0,-1502.9703,1831.0482,0.044615746,True,BombsiteB
xfl0ud,48.0,-1403.8743,1902.324,6.5438557,True,BombsiteB
xfl0ud,49.0,-1394.0629,1919.1516,6.60203,True,BombsiteB
xfl0ud,50.0,-1394.0627,1915.1334,6.60203,True,BombsiteB
xfl0ud,51.0,-1394.0627,1912.0829,6.6020336,True,BombsiteB
xfl0ud,52.0,-1394.0576,1912.031,6.6020336,True,BombsiteB
xfl0ud,53.0,-1404.696,1916.0485,6.6020336,True,BombsiteB
xfl0ud,54.0,-1504.0598,1949.449,1.3120522,True,BombsiteB
xfl0ud,55.0,-1606.6257,1978.3226,-3.2841797,True,BombsiteB
xfl0ud,56.0,-1723.6998,1943.3322,-2.9422607,True,BombsiteB
xfl0ud,57.0,-1838.0648,1896.8726,0.060077906,True,BombsiteB
xfl0ud,58.0,-1939.4183,1840.5479,18.856833,True,BombsiteB
xfl0ud,59.0,-1950.0563,1718.0981,33.334312,True,UpperTunnel
xfl0ud,60.0,-1977.6447,1611.5972,31.824722,True,UpperTunnel
xfl0ud,61.0,-1982.1461,1553.0308,32.15764,True,UpperTunnel
xfl0ud,62.0,-2004.5017,1540.7412,32.110725,True,UpperTunnel
xfl0ud,63.0,-1961.9608,1531.63,33.991394,True,UpperTunnel
xfl0ud,64.0,-1984.8573,1523.7848,31.836794,True,UpperTunnel
xfl0ud,65.0,-1981.7795,1519.4435,32.126976,True,UpperTunnel
xfl0ud,66.0,-1942.0878,1520.2046,36.622566,True,UpperTunnel
xfl0ud,67.0,-1955.3208,1519.283,34.955982,True,UpperTunnel
xfl0ud,68.0,-1981.2899,1510.1455,32.12296,True,UpperTunnel
xfl0ud,69.0,-1997.4402,1456.7347,31.025171,True,UpperTunnel
xfl0ud,70.0,-1968.5272,1506.4552,33.314243,True,UpperTunnel
xfl0ud,71.0,-1947.3116,1731.8795,33.029495,True,UpperTunnel
xfl0ud,72.0,-1884.0284,1814.0278,18.827824,True,BombsiteB
xfl0ud,73.0,-1884.0275,1814.0312,18.82713,True,BombsiteB
xfl0ud,74.0,-1884.0275,1814.0312,18.82713,True,BombsiteB
xfl0ud,75.0,-1884.0275,1814.0312,18.82713,True,BombsiteB
xfl0ud,76.0,-1884.0273,1814.031,18.827042,True,BombsiteB
xfl0ud,77.0,-1884.0273,1814.031,18.827042,True,BombsiteB
xfl0ud,78.0,-1939.9926,1826.2255,29.247581,True,BombsiteB
xfl0ud,79.0,-1958.8086,1819.2433,33.031254,True,BombsiteB
xfl0ud,80.0,-1970.6302,1744.757,32.089333,True,UpperTunnel
xfl0ud,81.0,-1980.7733,1593.9364,31.871487,True,UpperTunnel
xfl0ud,82.0,-1946.1897,1386.611,31.757874,True,UpperTunnel
xfl0ud,83.0,-1986.0725,1399.992,28.844347,True,UpperTunnel
xfl0ud,84.0,-1995.6661,1408.4961,29.873512,True,UpperTunnel
xfl0ud,85.0,-1948.1707,1402.9194,32.30329,True,UpperTunnel
xfl0ud,86.0,-2003.2032,1614.416,31.67207,True,UpperTunnel
xfl0ud,87.0,-1997.5642,1666.221,31.765303,True,UpperTunnel
xfl0ud,88.0,-1942.0656,1683.5548,34.00296,True,UpperTunnel
xfl0ud,89.0,-1958.8636,1821.4929,32.681004,True,BombsiteB
xfl0ud,90.0,-1761.5432,1924.7736,-1.9648438,True,BombsiteB
xfl0ud,91.0,-1690.0865,1967.4618,-4.428833,True,BombsiteB
xfl0ud,92.0,-1688.2789,2041.9825,-6.507019,True,BombsiteB
xfl0ud,93.0,-1682.5752,2220.881,-2.710205,True,BombsiteB
xfl0ud,94.0,-1696.053,2467.259,11.469259,True,BombsiteB
yxngstxr,0.0,-1076.0,-843.0,116.789474,True,TSpawn
yxngstxr,1.0,-1076.0,-843.0,116.789474,True,TSpawn
yxngstxr,2.0,-1076.0,-843.0,116.789474,True,TSpawn
yxngstxr,3.0,-1076.0,-843.0,116.789474,True,TSpawn
yxngstxr,4.0,-1076.0,-843.0,116.789474,True,TSpawn
yxngstxr,5.0,-1076.0,-843.0,116.789474,True,TSpawn
yxngstxr,6.0,-1076.0,-843.0,116.789474,True,TSpawn
yxngstxr,7.0,-1076.0,-843.0,116.789474,True,TSpawn
yxngstxr,8.0,-1076.0,-843.0,116.789474,True,TSpawn
yxngstxr,9.0,-1076.0,-843.0,116.789474,True,TSpawn
yxngstxr,10.0,-1076.0,-843.0,116.789474,True,TSpawn
yxngstxr,11.0,-1076.0,-843.0,116.789474,True,TSpawn
yxngstxr,12.0,-1076.0,-843.0,116.789474,True,TSpawn
yxngstxr,13.0,-1076.0,-843.0,116.789474,True,TSpawn
yxngstxr,14.0,-1076.0,-843.0,116.789474,True,TSpawn
yxngstxr,15.0,-1076.0,-843.0,116.789474,True,TSpawn
yxngstxr,16.0,-1076.0,-843.0,116.789474,True,TSpawn
yxngstxr,17.0,-1076.0,-843.0,116.789474,True,TSpawn
yxngstxr,18.0,-1076.0,-843.0,116.789474,True,TSpawn
yxngstxr,19.0,-1076.0,-843.0,116.789474,True,TSpawn
yxngstxr,20.0,-1157.8024,-822.4381,116.02214,True,TSpawn
yxngstxr,21.0,-1320.37,-645.6208,126.8155,True,TSpawn
yxngstxr,22.0,-1452.8871,-433.63336,130.30176,True,TSpawn
yxngstxr,23.0,-1549.6337,-202.0686,175.06395,True,TSpawn
yxngstxr,24.0,-1626.2865,33.453014,19.015625,True,OutsideTunnel
yxngstxr,25.0,-1666.4978,252.77019,-0.22442627,True,OutsideTunnel
yxngstxr,26.0,-1686.9858,500.34772,35.59375,True,OutsideTunnel
yxngstxr,27.0,-1689.0859,672.0564,32.080444,True,OutsideTunnel
yxngstxr,28.0,-1685.3446,794.7332,31.529507,True,UpperTunnel
yxngstxr,29.0,-1630.6171,900.4911,35.201195,True,UpperTunnel
yxngstxr,30.0,-1642.3845,1016.35187,30.945948,True,UpperTunnel
yxngstxr,31.0,-1653.078,1095.2063,31.551498,True,UpperTunnel
yxngstxr,32.0,-1718.0557,1194.9447,31.434362,True,UpperTunnel
yxngstxr,33.0,-1801.2457,1269.5659,71.0283,True,UpperTunnel
yxngstxr,34.0,-1827.2528,1288.4883,69.93855,True,UpperTunnel
yxngstxr,35.0,-1853.8384,1291.2671,34.515392,True,UpperTunnel
yxngstxr,36.0,-1857.4401,1263.4822,33.054054,True,UpperTunnel
yxngstxr,37.0,-1899.3623,1251.8652,31.772095,True,UpperTunnel
yxngstxr,38.0,-1906.9677,1296.5228,31.476313,True,UpperTunnel
yxngstxr,39.0,-2018.1501,1364.7765,32.17692,True,UpperTunnel
yxngstxr,40.0,-1942.0743,1544.1311,36.24767,True,UpperTunnel
yxngstxr,41.0,-1960.0461,1617.5789,32.788197,True,UpperTunnel
yxngstxr,42.0,-1977.2262,1803.4159,44.609375,True,BombsiteB
yxngstxr,43.0,-2071.6187,1984.3142,1.3545663,True,BombsiteB
yxngstxr,44.0,-2047.8351,2183.3389,-0.14569092,True,BombsiteB
yxngstxr,45.0,-1883.149,2277.9583,-0.48535156,True,BombsiteB
yxngstxr,46.0,-1879.0319,2385.325,10.742945,True,BombsiteB
yxngstxr,47.0,-1879.0519,2385.204,10.715614,True,BombsiteB
yxngstxr,48.0,-1879.0519,2385.204,10.715614,True,BombsiteB
yxngstxr,49.0,-1879.0519,2385.204,10.715614,True,BombsiteB
yxngstxr,50.0,-1829.6588,2266.0513,0.93041706,True,BombsiteB
yxngstxr,51.0,-1721.311,2335.763,3.3615646,True,BombsiteB
yxngstxr,52.0,-1846.0813,2304.3943,3.1579614,True,BombsiteB
yxngstxr,53.0,-1894.9308,2370.0461,7.103427,True,BombsiteB
yxngstxr,54.0,-1879.0742,2415.3367,16.99216,True,BombsiteB
yxngstxr,55.0,-1879.0645,2384.7205,10.60967,True,BombsiteB
yxngstxr,56.0,-1879.0626,2382.771,10.187897,True,BombsiteB
yxngstxr,57.0,-1884.0527,2373.5647,7.9718003,True,BombsiteB
yxngstxr,58.0,-1879.065,2377.4207,9.037863,True,BombsiteB
yxngstxr,59.0,-1879.082,2380.4124,9.680038,True,BombsiteB
yxngstxr,60.0,-1879.0581,2380.189,9.633165,True,BombsiteB
yxngstxr,61.0,-1879.0349,2380.6602,9.7355385,True,BombsiteB
yxngstxr,62.0,-1879.0349,2380.6602,9.7355385,True,BombsiteB
yxngstxr,63.0,-1879.0391,2381.509,9.917786,True,BombsiteB
yxngstxr,64.0,-1879.0627,2381.9111,10.003082,True,BombsiteB
yxngstxr,65.0,-1879.0596,2382.4963,10.129005,True,BombsiteB
yxngstxr,66.0,-1879.0314,2382.6714,10.167971,True,BombsiteB
yxngstxr,67.0,-1879.0625,2382.8125,10.196817,True,BombsiteB
yxngstxr,68.0,-1879.0625,2382.8125,10.196817,True,BombsiteB
yxngstxr,69.0,-1879.0625,2382.8125,10.196817,True,BombsiteB
yxngstxr,70.0,-1879.0625,2382.8125,10.196817,True,BombsiteB
yxngstxr,71.0,-1932.1952,2391.601,9.864405,True,BombsiteB
yxngstxr,72.0,-1904.3784,2404.3752,13.685088,True,BombsiteB
yxngstxr,73.0,-1817.6259,2477.0598,30.760101,True,BombsiteB
yxngstxr,74.0,-1807.4213,2477.0442,30.759575,True,BombsiteB
yxngstxr,75.0,-1806.2551,2477.03,30.759098,True,BombsiteB
yxngstxr,76.0,-1810.4712,2477.224,30.76564,True,BombsiteB
yxngstxr,77.0,-1815.1271,2477.1067,30.76168,True,BombsiteB
yxngstxr,78.0,-1877.0952,2484.7454,27.270254,True,BombsiteB
yxngstxr,79.0,-1867.5312,2483.52,28.39854,False,BombsiteB
yxngstxr,80.0,-1867.5312,2483.52,28.39854,False,BombsiteB
yxngstxr,81.0,-1867.5312,2483.52,28.39854,False,BombsiteB
yxngstxr,82.0,-1867.5312,2483.52,28.39854,False,BombsiteB
yxngstxr,83.0,-1867.5312,2483.52,28.39854,False,BombsiteB
yxngstxr,84.0,-1867.5312,2483.52,28.39854,False,BombsiteB
yxngstxr,85.0,-1867.5312,2483.52,28.39854,False,BombsiteB
yxngstxr,86.0,-1867.5312,2483.52,28.39854,False,BombsiteB
yxngstxr,87.0,-1867.5312,2483.52,28.39854,False,BombsiteB
yxngstxr,88.0,-1867.5312,2483.52,28.39854,False,BombsiteB
yxngstxr,89.0,-1867.5312,2483.52,28.39854,False,BombsiteB
yxngstxr,90.0,-1867.5312,2483.52,28.39854,False,BombsiteB
yxngstxr,91.0,-1867.5312,2483.52,28.39854,False,BombsiteB
yxngstxr,92.0,-1867.5312,2483.52,28.39854,False,BombsiteB
yxngstxr,93.0,-1867.5312,2483.52,28.39854,False,BombsiteB
yxngstxr,94.0,-1867.5312,2483.52,28.39854,False,BombsiteB
